customer_id,num_transactions,avg_transaction_amount,total_debit,total_credit,balance_change,debit_credit_amount_ratio,std_dev_amount,has_rent,has_payroll,has_netflix,has_tesco,has_bonus,defaulted_within_90d
CUST_0001,3,811.34,-65.98,2500.0,2434.02,0.02638144742103159,1462.4802380545182,0,1,1,1,0,0
CUST_0002,2,575.0,-650.0,1800.0,1150.0,0.3609106052193226,1732.4116139070413,1,1,0,0,0,1
CUST_0003,2,450.0,-300.0,1200.0,900.0,0.2497918401332223,1060.6601717798212,0,1,0,0,0,0
CUST_0004,2,250.0,-400.0,900.0,500.0,0.4439511653718091,919.2388155425118,1,1,0,0,0,1
CUST_0005,1,6500.0,0.0,6500.0,6500.0,0.0,0.0,0,0,0,0,1,0
